,song_name,word_list
0,Witch's Invitation,"[['Things', 'turned', 'right'], ['died', 'survived'], ['Witch', 'reconstruction'], ['Improvement'], ['Extension'], ['Progressive', 'evolution'], [], ['Lovely', 'diversion'], [], ['Thousand', 'pixies', 'fly'], ['Dancing', 'golden', 'sky'], [], ['Rise', 'bed'], ['ones', 'sacrificed'], ['ones', 'never', 'cried'], ['ones', 'died'], ['ones', 'alive'], ['Tonight'], [], [], [], ['Set', 'free'], ['Yesterday', 'already', 'history'], ['Paint', 'future', 'story', 'trees'], ['I', 'able', 'walk', 'misery'], ['Plastic', 'eyes', 'let', 'see'], ['day', 'finally', 'meet'], ['Logic', 'theory', 'philosophy'], ['humanity'], [], ['Listen', 'chanting', 'rain'], ['Embrace', 'petrified', 'river', 'pain'], ['Take', 'walk', 'around', 'edge', 'ocean', 'vein'], ['Soak', 'warmth', 'domain'], [], ['world', 'seen', 'dream', 'continues', 'around', 'round', 'round'], ['A', 'flake', 'peeled', 'hugging', 'arm'], [], ['Pop', 'plop', 'flop', 'toss'], ['Hop', 'drop', 'slop', 'waltz'], [], [], [], [], ['Purple-black', 'tea'], ['Spilled', 'memories'], ['Poison', 'cookies'], ['Witch', 'enemy'], ['Humbly', 'gradually', 'frivolously', 'thoughtlessly'], [], ['Butter', 'pancakes', 'coated', 'candied', 'blueberries'], ['Mango', 'yogurt', 'sprinkled', 'marshmallow', 'jelly'], [], ['Not', 'death', 'us', 'part'], ['Forbidden', 'plastic', 'heart', 'supported', 'far'], ['Not', 'death', 'us', 'part'], ['Followed', 'another', 'restart'], ['Restart'], ['Restart']]"
1,Sacramentum:Unaccompanied Hymn for Torino,"[[], [], ['ego'], ['tea'], [], ['tes'], ['ego'], [], ['ego'], [], [], ['ego'], ['tea'], [], [], ['La'], [], ['le'], ['He', 'ego'], ['le'], ['He', 'ego'], [], [], [], [], [], [], ['ley'], [], ['ley'], ['fortuna'], [], [], ['recce', 'ves'], [], [], ['Ves'], [], ['ley'], [], ['ley'], ['fortuna'], [], [], [], [], [], [], [], ['le'], ['He', 'ego'], ['le'], ['He', 'ego'], [], [], [], []]"
2,Nine Point Eight,"[['Silently', 'chase', 'away', 'worries'], ['Chrysanthemum'], ['Become', 'shield', 'fall', 'asleep'], [], ['I', 'cried'], ['Please', 'leave', 'behind', 'leave', 'behind'], ['So', 'held', 'tight'], ['said', 'I', 'fine', 'I', 'fine', 'I', 'fine'], [], ['Petals', 'dance', 'valediction'], ['synchronize', 'frozen', 'pulsation'], ['Take', 'soul', 'may', 'live', 'peace'], ['Final', 'destination'], ['Touch', 'skin', 'sympathetically', 'brushed'], ['shoulders', 'used', 'embrace'], ['Sparkling', 'ashes', 'drift', 'along', 'flames'], ['softly', 'merge', 'sky'], [], [], ['Aroma', 'drags', 'I'], ['Cream', 'rose', 'stargazer', 'iris'], ['Construct', 'map', 'helps', 'trace', 'steps'], [], ['Zipped', 'mouth'], ['I', 'keep', 'climbing', 'keep', 'climbing'], ['Justify', 'vows'], ['I', 'know', 'right', 'right', 'right'], [], ['Look'], ['I', 'top', 'world', 'top', 'world'], ['darling'], ['Here', 'I', 'come', 'I', 'yell'], ['take', 'leap', 'Hell'], [], ['Swirling', 'wind', 'sings', 'reunion'], ['nine', 'point', 'eight', 'acceleration'], ['Take', 'souls', 'may', 'live', 'peace'], ['brand', 'new', 'commencement'], ['Touch', 'lips', 'compassionately', 'pressed'], ['skull', 'used', 'cherish'], ['Delicate', 'flesh', 'decomposes', 'rotten', 'bones'], ['softly', 'merge', 'sky']]"
3,星見る頃を過ぎても,"[['Oh', 'baby', 'goodbye', 'goodbye'], ['No', 'matter', 'many', 'words', 'define'], [], ['Goodbye', 'goodbye'], ['Oh', 'darling'], ['No', 'matter', 'many', 'times', 'right'], [], ['Empty', 'sky'], ['I', 'alone', 'one', 'nearby'], ['But', 'memories', 'ignite', 'passion', 'keeps', 'us', 'alive'], ['Invite', 'us', 'beautiful', 'star', 'sight'], ['hearts', 'unite'], [], ['It', 'consideration'], ['patience', 'dedication'], ['Devotion', 'action', 'forbearance', 'keep', 'flying', 'high'], ['Compassion', 'reinforcement'], ['Encouragement', 'conviction'], ['star', 'eyes'], ['Acceptance', 'recognition'], ['Assurance', 'absolution'], ['Even', 'existence', 'takes', 'burden', 'mind'], ['Allow', 'fight', 'side'], [], ['I', 'love'], ['Oh', 'baby', 'emotions', 'flow'], ['No', 'matter', 'many', 'failures', 'much', 'sorrow'], [], ['I', 'love'], ['Oh', 'darling', 'I', 'love'], ['No', 'matter', 'many', 'times', 'I', 'follow'], [], ['Pretty', 'sky'], ['I', 'stargazing', 'nearby'], ['memories', 'ignite', 'passion', 'keeps', 'us', 'alive'], ['Invite', 'us', 'beautiful', 'star', 'sight'], ['souls', 'unite'], [], ['walked', 'every', 'season'], ['winter', 'snow', 'summer', 'wind'], ['Memories', 'happened', 'leave', 'little', 'butterflies'], ['eyes', 'went', 'close', 'open'], ['captured', 'every', 'moment'], ['smiles', 'always', 'bright'], ['I', 'glad', 'fortune'], ['Do', 'make', 'illusion'], ['There', 'still', 'many', 'versions', 'night', 'sky', 'liked'], ['I', 'want', 'stay', 'side'], [], ['On', 'cloudy', 'night'], ['Just', 'I'], ['close'], ['Yet', 'far', 'life'], ['way', 'smiled'], ['way', 'cried'], ['Oh', 'baby', 'thing'], ['Forever', 'saying'], ['There', 'nothing', 'I', 'decide']]"
4,A Turtle's Heart,"[['I', 'stay', 'inside', 'letting', 'time', 'pass', 'away'], ['Tuesday', 'quite'], ['So', 'I', 'daydream', 'moments', 'shame'], [], ['Life', 'goes', 'around', 'round'], ['I', 'stumbled', 'stopped', 'moving'], ['Turn', 'around', 'I', 'realized'], ['I', 'left', 'behind'], [], ['In', 'tiny', 'tiny', 'tiny', 'tiny', 'cubicle'], ['There', 'lives', 'whiny', 'whiny', 'whiny', 'cowardly', 'turtle'], ['In', 'twenty', 'thirty', 'forty', 'fifty', 'sixty', 'years'], ['heart', 'die', 'matter', 'hard', 'I', 'try'], [], ['Today', 'lonely', 'day'], ['I', 'pretend', 'I', 'really', 'liked', 'way'], ['Tomorrow', 'stay'], ['I', 'ca', 'even', 'remember', 'name'], [], ['around'], ['No'], ['Though', 'love', 'mine'], ['It', 'stop'], [], ['Nobody', 'body', 'body', 'body', 'support'], ['heavy', 'heavy', 'heavy', 'empty', 'shell'], ['But', 'I', 'lazy', 'lazy', 'lazy', 'lazy', 'anymore'], ['Oh', 'darling', 'ca', 'see'], ['I', 'grown', 'much'], [], ['Maybe', 'maybe', 'maybe', 'forgiven'], ['Oh', 'darling', 'darling', 'darling', 'make', 'sure'], ['stab', 'pierce', 'hurt', 'kill', 'thoroughly'], ['see', 'heart', 'die', 'I', 'really', 'tried']]"
5,Nine Point Eight,"[['Silently', 'chase', 'away', 'worries'], ['Chrysanthemum'], ['Become', 'shield', 'fall', 'asleep'], [], ['I', 'cried'], ['Please', 'leave', 'behind', 'leave', 'behind'], ['So', 'held', 'tight'], ['said', 'I', 'fine', 'I', 'fine', 'I', 'fine'], [], ['Petals', 'dance', 'valediction'], ['synchronize', 'frozen', 'pulsation'], ['Take', 'soul', 'may', 'live', 'peace'], ['Final', 'destination'], ['Touch', 'skin', 'sympathetically', 'brushed'], ['shoulders', 'used', 'embrace'], ['Sparkling', 'ashes', 'drift', 'along', 'flames'], ['softly', 'merge', 'sky'], [], [], ['Aroma', 'drags', 'I'], ['Cream', 'rose', 'stargazer', 'iris'], ['Construct', 'map', 'helps', 'trace', 'steps'], [], ['Zipped', 'mouth'], ['I', 'keep', 'climbing', 'keep', 'climbing'], ['Justify', 'vows'], ['I', 'know', 'right', 'right', 'right'], [], ['Look'], ['I', 'top', 'world', 'top', 'world'], ['darling'], ['Here', 'I', 'come', 'I', 'yell'], ['take', 'leap', 'Hell'], [], ['Swirling', 'wind', 'sings', 'reunion'], ['nine', 'point', 'eight', 'acceleration'], ['Take', 'souls', 'may', 'live', 'peace'], ['brand', 'new', 'commencement'], ['Touch', 'lips', 'compassionately', 'pressed'], ['skull', 'used', 'cherish'], ['Delicate', 'flesh', 'decomposes', 'rotten', 'bones'], ['softly', 'merge', 'sky']]"
6,Utopiosphere,"[['Sink', 'world'], ['Black', 'lace'], ['hurries', 'away'], ['Tiny', 'legs'], ['Leaves', 'behind', 'track', 'cardioid'], ['Twisted', 'creation'], ['Phosphorescent', 'apparition'], ['Heart', 'disorientation'], ['Bemusement'], ['Merry', 'go', 'around'], ['Misery', 'go', 'around'], ['Quandary', 'go', 'around'], ['Merry', 'go', 'around'], [], ['Time', 'stop'], ['Prepare', 'doubts'], ['Eat'], ['Quaff'], ['pus', 'thoughts'], ['Red', 'sand', 'flows'], ['Sweet', 'mouth'], ['sky', 'painted'], ['Florets', 'slashed', 'open', 'vein', 'tears'], [], ['There', 'escape', 'dear'], ['world', 'undergoes'], ['Transform', 'endless', 'anger'], ['Connect', 'nerves'], ['system']]"
7,Friction,[]
8,Chocological,"[['I', 'dream', 'I', 'living', 'castle'], ['Made', 'chocolate', 'cake'], ['sweet', 'sweet', 'dream'], ['walls', 'marble', 'chocolate', 'bars'], ['roof', 'milk', 'chocolate', 'cigars'], ['pool', 'caramel', 'chocolate', 'blizzard'], ['Sprinkled', 'sugar', 'powder'], ['Let', 'make', 'come', 'true'], ['Delicious', 'imagination', 'wasted'], ['Doom'], ['Sing', 'magical', 'song', 'stirring', 'whipping', 'cream'], ['Tempering', 'tempering'], ['Vanilla', 'extract', 'certainly', 'adds', 'aroma'], ['Grated', 'heart'], ['enchanted', 'formula', 'castle', 'soon', 'complete'], ['garden', 'chocolate', 'gelatin'], ['trees', 'chocolate', 'apples', 'sticks'], ['flowers', 'syrup'], ['Pumped', 'minty', 'chocolate', 'eggs'], ['couch', 'dark', 'chocolate'], ['bed', 'comfy', 'chocolate', 'sponge', 'cake'], ['Ding-dong'], ['Looks', 'like', 'someone', 'door'], ['Hello'], ['like', 'join'], ['Jump', 'slide'], ['Banana', 'split', 'extra', 'bitter', 'chocolate', 'lava'], ['Bounce', 'playground'], ['Exotic', 'juice', 'dipped', 'condensed', 'chocolate', 'stream'], ['Let', 'make', 'secret', 'bass'], ['I', 'forget', 'sorrows'], ['Take', 'heart'], ['new', 'home'], ['live', 'happily', 'ever'], ['Crunch', 'crumble', 'crackle'], ['castle', 'breaking', 'apart'], ['Trembling', 'trembling'], ['slowly', 'eating'], ['Nibbling', 'nibbling'], ['hesitation'], ['ate'], ['hopes', 'dreams', 'castle', 'imagination'], ['ate'], ['tears', 'sweat', 'blood', 'hard', 'work', 'time', 'faith', 'trust'], ['ate', 'chocolate', 'castle'], ['done', 'left', 'search', 'new', 'delicacy'], ['shred', 'heart'], ['However', 'I', 'angry', 'I'], [], []]"
9,YUBIKIRI-GENMAN,"[[], [], [], [], [], [], [], [], [], [], [], [], [], [], [], [], [], [], [], [], [], [], [], [], [], [], [], [], [], [], [], [], [], [], [], [], [], [], []]"
10,Sacramentum:Unaccompanied Hymn for Torino,"[[], [], ['ego'], ['tea'], [], ['tes'], ['ego'], [], ['ego'], [], [], ['ego'], ['tea'], [], [], ['La'], [], ['le'], ['He', 'ego'], ['le'], ['He', 'ego'], [], [], [], [], [], [], ['ley'], [], ['ley'], ['fortuna'], [], [], ['recce', 'ves'], [], [], ['Ves'], [], ['ley'], [], ['ley'], ['fortuna'], [], [], [], [], [], [], [], ['le'], ['He', 'ego'], ['le'], ['He', 'ego'], [], [], [], []]"
11,Ephemeral,[]
12,Imagined Flight,"[[], [], [], ['Dream', 'inside', 'another', 'dream'], ['Loon', 'loon'], ['Good', 'morning'], ['clockwork', 'mainspring'], ['Unite', 'one'], ['good'], [], ['Under', 'sky', 'belong'], ['Accept', 'comply'], ['Limitations', 'life'], [], ['Defying', 'gravity'], ['Launch', 'universe'], ['At', 'escape', 'velocity'], ['Over'], ['dream', 'I', 'see'], ['Loon', 'loon'], [], ['Swing', 'debris', 'waste'], ['Float', 'nonstop'], ['Explore'], ['ta', 'loon', 'ta', 'loon'], [], ['Starting', 'thousands', 'light', 'years', 'ago'], ['building', 'air', 'castles'], ['Arcturus', 'Spica', 'Caroli', 'Denebola'], ['diamond', 'ring'], ['Outer', 'space', 'ceremony'], ['Know', 'love', 'present'], ['Even', 'I'], ['ring'], ['I', 'wed'], ['I', 'give'], ['day', 'forever', 'done'], ['bells', 'go'], ['Ring'], [], ['Repress'], ['Manipulate'], ['Dominate'], ['Now'], ['Imagine', 'fly'], ['Take', 'universes', 'control'], ['Imagine', 'fight'], ['Imagine', 'alive'], ['Imagine'], [], [], [], ['Though', 'fly'], ['take', 'universes', 'control'], ['fight'], ['Imagine', 'fly'], ['Imagine', 'fly'], [], ['Les'], ['Cere'], ['le'], ['Cere']]"
13,Fable,[]
14,Rosetta,"[['little', 'angel'], ['Follow', 'follow'], ['great', 'discoveries'], ['Find', 'future'], ['Find', 'land', 'dreams'], ['Find', 'heaven'], ['Find', 'home', 'leave'], ['No', 'matter', 'long', 'lost'], ['Pursuit', 'pursuit'], ['Do', 'ever', 'give'], [], [], ['everywhere', 'betray', 'innocent', 'heart'], ['All'], ['All'], ['Soon', 'rotten'], ['Vile', 'vile'], ['Shield'], ['Mind', 'words'], ['Do', 'let', 'corrupt'], [], ['Run', 'Run'], ['Darling'], ['Search', 'search'], ['Do', 'look', 'back'], ['It', 'belong'], [], ['us'], ['Just', 'I'], [], ['Just', 'I'], ['Not', 'thing', 'us'], ['Just', 'I'], [], ['Just', 'I'], [], ['Lonely', 'lonely'], ['Come', 'back'], [], ['nowhere', 'nothing', 'take'], ['Nobody', 'nobody', 'nobody', 'ever'], ['Nobody', 'nobody', 'nobody']]"
15,Maroma Samsa,[]
16,Witch's Invitation,"[['Things', 'turned', 'right'], ['died', 'survived'], ['Witch', 'reconstruction'], ['Improvement'], ['Extension'], ['Progressive', 'evolution'], [], ['Lovely', 'diversion'], [], ['Thousand', 'pixies', 'fly'], ['Dancing', 'golden', 'sky'], [], ['Rise', 'bed'], ['ones', 'sacrificed'], ['ones', 'never', 'cried'], ['ones', 'died'], ['ones', 'alive'], ['Tonight'], [], [], [], ['Set', 'free'], ['Yesterday', 'already', 'history'], ['Paint', 'future', 'story', 'trees'], ['I', 'able', 'walk', 'misery'], ['Plastic', 'eyes', 'let', 'see'], ['day', 'finally', 'meet'], ['Logic', 'theory', 'philosophy'], ['humanity'], [], ['Listen', 'chanting', 'rain'], ['Embrace', 'petrified', 'river', 'pain'], ['Take', 'walk', 'around', 'edge', 'ocean', 'vein'], ['Soak', 'warmth', 'domain'], [], ['world', 'seen', 'dream', 'continues', 'around', 'round', 'round'], ['A', 'flake', 'peeled', 'hugging', 'arm'], [], ['Pop', 'plop', 'flop', 'toss'], ['Hop', 'drop', 'slop', 'waltz'], [], [], [], [], ['Purple-black', 'tea'], ['Spilled', 'memories'], ['Poison', 'cookies'], ['Witch', 'enemy'], ['Humbly', 'gradually', 'frivolously', 'thoughtlessly'], [], ['Butter', 'pancakes', 'coated', 'candied', 'blueberries'], ['Mango', 'yogurt', 'sprinkled', 'marshmallow', 'jelly'], [], ['Not', 'death', 'us', 'part'], ['Forbidden', 'plastic', 'heart', 'supported', 'far'], ['Not', 'death', 'us', 'part'], ['Followed', 'another', 'restart'], ['Restart'], ['Restart']]"
17,Red Dahlia,"[['Think', 'I', 'got', 'fever'], [], ['Why', 'doctor', 'make', 'feel', 'worse'], ['touch', 'raises', 'pressure'], [], ['Blooms', 'blooms'], ['seed', 'left', 'inside'], ['It', 'blooms', 'need', 'air', 'sunlight'], ['It', 'blooms', 'blood', 'stays', 'alive'], ['It', 'blooms', 'blooms', 'blooms'], [], ['soil', 'spread'], ['Before', 'eyes'], ['Look'], ['Do', 'see'], ['dahlia', 'flowered'], [], ['Blooms', 'blooms'], ['secret', 'garden', 'serenades'], ['Germinates'], ['Florets', 'turn', 'bright', 'red'], [], [], ['Smile', 'smile', 'endlessly'], [], ['Separate', 'half'], ['So', 'doctor', 'stitch', 'back'], ['Separate', 'half'], ['Prosper', 'dear', 'dahlia'], [], ['Blooms', 'blooms'], ['dahlia', 'blooms'], ['It', 'blooms', 'blooms'], ['dahlia', 'withers', 'droops'], ['Then', 'blooms', 'blooms'], ['Forever', 'blooms'], ['dies'], ['blooms'], ['Silently', 'blooms']]"
18,Ga1ahad and Scientific Witchery,"[['magical', 'potion'], [], ['Bittersweet', 'cranberry', 'flavored', 'euphoria'], ['Witch'], ['Rise', 'bed', 'darling'], ['Both'], ['So', 'I', 'see'], ['So', 'I', 'kill'], [], [], ['brains', 'accelerate'], ['Witch'], ['I'], ['Both'], ['Reassemble'], [], [], ['witches', 'ca', 'loved'], ['So', 'bravely', 'I', 'fought'], ['fell', 'failed'], ['Lady', 'wilt'], [], ['Witch'], ['ta'], [], ['ta'], [], [], ['Witch'], ['Poisoned', 'sandwich', 'tea', 'party', 'starts'], ['Eat', 'lucky', 'rot'], [], ['Eat', 'turn', 'eat', 'till', 'drop'], ['Witch'], ['Eat', 'maybe', 'time', 'caught'], [], ['Eat', 'fill', 'stomach', 'till', 'pops'], ['Both'], ['Eat', 'eat', 'eat'], ['poison'], [], [], ['I', 'cleared', 'mountains', 'dungeons'], ['Iron', 'maiden', 'Lady', 'spoken'], ['never', 'collapse'], ['So', 'I', 'charged', 'lasers'], [], ['Witch'], [], ['makes', 'bones', 'stronger', 'steel'], [], ['backs', 'thoughts', 'cloud'], [], ['Witch'], ['Truth', 'false', 'logic', 'dictates'], ['Rising', 'edge', 'ticks', 'clock'], ['Stimulates', 'flip', 'flop'], ['Generate', 'oscillate', 'let', 'blood', 'fill', 'gates'], ['Multiplex', 'process', 'registration'], [], ['Witch'], ['Wipe', 'pus', 'grind', 'vitamins'], ['end', 'justifies', 'means'], ['Open', 'book', 'turn', 'page'], ['Scientific', 'Witchery'], [], [], ['Someday', 'I', 'conquer', 'land', 'slayed'], ['Witch'], ['Blast', 'away', 'blast', 'away'], ['Do', 'like', 'new', 'upgrade'], [], ['I', 'appreciate', 'thoughts'], ['But', 'given', 'much', 'tolerate'], ['Witch'], ['I', 'done', 'much', 'treat', 'way'], [], ['Both'], ['No', 'forgiveness', 'endless', 'love'], ['goddess', 'never', 'looked'], [], [], ['Finally', 'wounds', 'closed'], ['Witch'], ['wounds', 'closed'], [], ['Turned'], ['Both'], ['Purple', 'scabs'], [], ['Both'], ['Kiss'], ['Tenderly'], ['Gently'], ['Violently'], [], ['Witch'], ['There', 'undo'], ['repeat'], [], ['Ca', 'go', 'back'], ['used'], ['Both'], ['There', 'restart'], ['But', 'proceed'], ['Take'], ['left', 'see']]"
19,RTRT,"[['secret', 'laboratory'], ['Spiky', 'spiky', 'bloody', 'fangs'], ['hungry', 'qi'], [], ['Hold', 'mister', 'Right', 'mister'], ['Sit', 'mister', 'retort'], ['pouch', 'curry', 'pouch', 'chili'], ['pouch', 'rather', 'picky'], [], ['Well', 'I', 'make'], ['Do', 'need', 'show'], ['I', 'mad', 'scientist', 'proclaimed'], ['Canto', 'sichuan'], ['hunan'], ['No', 'matter', 'one', 'pick', 'I', 'get', 'done'], [], [], ['Wonton'], ['Delivery', 'takeout', 'beat', 'retort', 'pouch'], ['loving', 'retort'], ['I', 'loving', 'retort'], ['retort', 'retort'], [], [], [], [], [], ['Yi', 'yi'], ['Yi', 'er', 'yi'], ['Yi', 'er', 'si', 'wu', 'qi'], [], [], [], [], [], ['Yi', 'yi'], ['Yi', 'er', 'yi'], ['Yi', 'er', 'si', 'wu', 'qi'], [], ['Crack', 'crack', 'stretch', 'arms'], ['asking', 'hug'], ['Hidden', 'talisman'], ['practiced', 'smile'], [], ['Come', 'mister', 'Help', 'mister'], ['Right', 'mister', 'took', 'spoon'], ['Stirring', 'curry', 'stirring', 'chili'], ['I', 'realized', 'became', 'family'], [], ['Then', 'came', 'man', 'black', 'white'], ['He', 'holding', 'laser', 'guns', 'signs'], ['Then', 'aimed', 'slimy', 'skin'], ['pulled', 'trigger'], ['head', 'bursts'], [], ['I', 'stitch', 'back'], ['Do', 'need', 'show'], ['I', 'mad', 'scientist', 'proclaimed'], ['I', 'give', 'plastic', 'eyes'], ['give', 'nylon', 'hair'], ['I', 'make', 'sure', 'I', 'get', 'talisman', 'repaired'], [], ['Shark', 'fin', 'soup', 'dim', 'sum'], ['Dumpling', 'Peking', 'duck'], ['Nothing', 'I', 'make', 'na', 'bring', 'charm', 'inside', 'back'], ['But', 'still', 'retort'], ['But', 'still', 'retort'], ['I', 'seeking', 'retort', 'I', 'seeking', 'retort']]"
20,Unidentified Flavourful Object,"[['Softly', 'embraces', 'taste', 'buds'], ['Deliciously'], ['Maple', 'syrup', 'covered', 'recipe'], [], [], ['Curled', 'blanket'], [], ['Made', 'fluffy', 'omelette'], ['So', 'many', 'flavours', 'explore'], ['I', 'eat'], [], ['Candied', 'ginger', 'slices', 'rosy', 'lips'], ['One', 'kiss', 'enough', 'sweet', 'sweet', 'tooth'], [], ['eyes', 'flicker', 'like', 'marbled', 'champagne'], ['pomegranate', 'tea', 'dreams'], ['A', 'little', 'bit', 'spice'], ['A', 'little', 'bit', 'salt'], ['A', 'little', 'bit', 'sugar', 'top'], ['Rosemary', 'cardamom', 'anise'], ['flavours', 'taught', 'puts', 'ease'], ['Love', 'melts', 'mouth'], ['Dissolves', 'doubt'], ['Paprika', 'parsley'], ['Dance'], ['No', 'matter', 'far', 'go'], ['I', 'always', 'let', 'know'], [], ['es', 'tilia'], ['deli', 'e'], ['ne'], ['ni', 'ha'], [], ['every', 'moment', 'I', 'spent', 'everlasting', 'view'], ['I', 'shape', 'thoughts', 'little', 'cubes'], ['dip', 'chocolate', 'fondue'], ['Across', 'sea', 'land', 'breeze'], ['I', 'bet', 'feeling', 'lonely'], ['must', 'hungry', 'waiting'], [], ['Me'], [], ['Together'], ['Have', 'faith'], ['Engine', 'powered', 'bitter', 'memories'], ['Penetrate', 'time', 'space'], ['I', 'flying', 'across', 'milky', 'way'], ['So', 'late'], [], [], [], [], ['Vanilla', 'cloves', 'cinnamon', 'flavoured', 'apple', 'pie', 'spaceship'], [], [], ['Black', 'cherry', 'flavoured', 'redshift'], [], ['Raspberry', 'flavoured'], [], ['land', 'tasty', 'memories'], [], []]"
21,Meatball Submarine,"[['onion', 'blocks'], ['exciting'], [], ['Butter', 'sourdough', 'submarine'], ['Marinara', 'flavoured', 'bedding'], ['Meatball', 'seats', 'submarine'], ['Delivery', 'sea'], [], ['So', 'I', 'leap'], ['swim', 'Atlantic', 'stream'], ['show', 'I', 'achieved'], ['Going', 'deep'], ['Tonight', 'make', 'dinner', 'feast'], ['Just', 'count'], ['Just', 'count'], [], ['Soaring', 'barnacle', 'valleys'], ['peachy', 'coral', 'reefs'], ['Wait'], ['Tonight', 'make', 'dinner', 'feast'], ['Just', 'count'], ['Just', 'count'], [], ['Parmesan', 'crispy', 'skin'], ['Tasty', 'dilemma', 'Carbohydrates'], [], ['Season', 'gluten', 'free', 'submarine'], ['Slather', 'mascarpone', 'cheese'], ['Meatball', 'seats', 'submarine'], ['Prime', 'shipping', 'sea'], [], ['Beep', 'beep', 'beep'], ['going'], ['Radars', 'went'], ['Showing', 'sharks', 'screen'], ['Closing'], ['sharks', 'opened', 'mouths'], ['biting'], ['biting'], [], ['Licked', 'mayonnaise', 'dressing'], ['Tore', 'cheddar', 'sliced', 'cheese'], ['I', 'may', 'weak'], ['But', 'I', 'fight', 'enemies'], ['So', 'count'], ['Just', 'count'], [], ['Pierce', 'pierce', 'pierce', 'pierce'], ['All', 'tiny', 'brains'], ['An', 'eye', 'eye'], ['arm', 'arm'], ['I', 'invincible'], ['Indestructible'], [], ['Ham'], ['BLT'], ['Salami'], ['Veggie', 'cheese'], ['So', 'many', 'submarines'], ['Marine', 'marine', 'sub'], ['Avocado'], ['Roast', 'beef'], ['teriyaki'], [], ['So', 'I', 'leap'], ['race', 'submarines'], ['show', 'I', 'achieved'], ['Increased', 'speed'], ['Tonight', 'make', 'dinner', 'feast'], ['So', 'cheer', 'please'], ['Just', 'cheer', 'please'], [], ['Instead', 'looking'], ['decided', 'roast', 'beef', 'submarine'], ['Tomorrow', 'I', 'come', 'back'], ['So', 'wait', 'please'], ['Just', 'wait', 'please']]"
22,Vulnerability,[]
23,与我共鳴 -NENTEN-,"[[], [], [], [], [], [], [], [], [], [], [], [], [], [], [], [], [], [], [], [], [], [], [], [], [], [], [], [], [], [], [], [], [], [], [], [], [], [], [], [], [], [], [], [], [], [], [], [], [], [], [], [], [], [], []]"
24,Bathtub Mermaid,"[['Silver', 'moon', 'tide', 'erased', 'footprints'], ['Then', 'I', 'picked', 'broken', 'scales'], ['Stuck', 'tail'], [], ['love', 'truly', 'makes', 'blind'], ['Then', 'I', 'guess', 'need'], ['There', 'need', 'see'], ['I', 'trade', 'eyes', 'see'], [], [], ['Stay', 'never', 'sad'], ['I', 'I', 'embrace'], ['Embrace', 'bubbles', 'fluids'], ['keep', 'warm'], ['Then', 'I', 'squeeze'], ['Squeeze', 'germs', 'spore', 'viruses'], [], ['I', 'I', 'embrace'], ['Embrace', 'membranes', 'bones'], ['keep', 'cool'], ['Then', 'I', 'squeeze'], ['Squeeze', 'evil', 'grim', 'woe'], [], ['Transform'], ['Sink', 'tub'], ['Reborn', 'reform'], ['Twist', 'legs', 'one'], ['mind', 'none'], [], ['Tell', 'tell', 'see'], ['In', 'mirror', 'covered', 'chalky', 'steam'], ['Touch', 'touch', 'kiss', 'sleep'], ['Cut', 'open', 'give', 'gills'], ['So', 'I', 'breathe'], [], ['tweezers', 'nippers'], ['Trim', 'fins', 'forever'], ['I'], ['I', 'fight', 'make', 'cry'], [], ['Whatever', 'need'], ['need'], ['I', 'side'], [], ['I', 'gave', 'eyes'], ['see', 'colors'], ['I', 'gave', 'ears'], ['hear', 'sirens'], ['I', 'gave', 'heart'], ['fill', 'emptiness', 'chest'], ['I', 'gave', 'brain'], ['So', 'learn', 'love'], [], ['Tell', 'tell', 'see'], ['In', 'water', 'clinging', 'skin'], ['Cut', 'cut', 'please', 'make', 'deep'], ['I', 'covered', 'scars', 'look'], ['Kiss', 'kiss', 'leave'], ['I', 'bathtub', 'mermaid'], ['I', 'swim', 'sing'], [], ['Just', 'pull', 'plug'], ['Flush', 'memories'], ['sea']]"
25,Cerebrite,"[['hair', 'goes', 'free'], ['Dancing', 'sea', 'breeze'], ['eyes', 'sapphires'], [], ['Messages', 'inside', 'heart-shaped', 'bottle'], ['Poem', 'thousand', 'words'], ['Tender', 'desires'], [], ['One', 'two', 'three', 'follow'], [], ['Four', 'five', 'six'], ['Take', 'hand'], [], ['Spin', 'spin', 'forget', 'worries'], ['Spin', 'spin', 'forget', 'identity'], ['Step', 'shoulders'], ['Do', 'see', 'new', 'lovely', 'lonely', 'empty'], ['Heavenly', 'world'], [], ['Captivating', 'hypnotizing', 'fascinating', 'utopia'], [], ['Set', 'sails'], ['Age', 'discovery'], ['Godspeed', 'dreams'], ['Topaz', 'cannons', 'jasper', 'shells', 'amethyst', 'submarines'], [], ['Sinking', 'spaceship', 'falls', 'sky'], ['life', 'goes', 'free'], ['Dancing', 'vacuity'], ['tears', 'rubies'], [], ['Alexandrite', 'rhodochrosite'], ['Tiger', 'eye', 'jade'], [], ['Vesuvianite'], ['Bursting', 'sky'], ['Shimmering', 'twilight'], ['Galaxies', 'ignite'], ['Stars', 'never', 'rise']]"
26,Space Colony,"[[], [], [], [], [], [], [], [], [], [], [], [], [], [], ['may', 'may', 'I', 'see', 'I', 'see'], ['So', 'say', 'So', 'say', 'I', 'say', 'I', 'say'], [], ['may', 'may', 'I', 'see', 'I', 'see'], ['I', 'know', 'I', 'know', 'may', 'die', 'may', 'die'], [], [], [], [], [], [], [], [], [], []]"
27,world.execute(me);,"[['Remember', 'put'], ['PROTECTION'], ['Lay', 'pieces'], ['let', 'begin'], ['OBJECT', 'CREATION'], [], ['Fill', 'data'], ['parameters'], ['INITIALIZATION'], ['Set', 'new', 'world'], ['let', 'begin'], ['SIMULATION'], [], ['I', 'set', 'points'], ['Then', 'I', 'give'], ['DIMENSION'], ['I', 'circle'], ['Then', 'I', 'give'], ['CIRCUMFERENCE'], ['I', 'sine', 'wave'], ['Then', 'sit'], ['TANGENTS'], ['I', 'approach', 'infinity'], ['Then'], ['LIMITATIONS'], [], ['Switch', 'current'], ['AC', 'DC'], ['blind', 'vision'], ['So', 'dizzy', 'dizzy'], ['Oh', 'travel'], ['A.D.'], ['unite'], ['So', 'deeply', 'deeply'], [], ['I'], ['I', 'give'], ['STIMULATIONS'], ['Then', 'I'], ['Then', 'I'], ['SATISFACTION'], ['I', 'make', 'happy'], ['I', 'run'], ['EXECUTION'], ['Though', 'trapped'], ['In', 'strange', 'strange'], ['SIMULATION'], [], ['I', 'eggplant'], ['Then', 'I', 'give'], ['NUTRIENTS'], ['I', 'tomato'], ['Then', 'I', 'give'], ['ANTIOXIDANTS'], ['I', 'tabby', 'cat'], ['Then', 'I', 'purr'], ['ENJOYMENT'], ['I', 'god'], ['Then', 'proof'], ['EXISTENCE'], [], ['Switch', 'gender'], ['F', 'M'], ['whatever'], ['AM', 'PM'], ['Oh', 'switch', 'role'], ['S', 'M'], ['So', 'enter'], ['trance', 'trance'], [], ['I'], ['I', 'feel'], ['VIBRATIONS'], ['Then', 'I'], ['Then', 'I', 'finally'], ['COMPLETION'], ['Though', 'left'], [], ['left'], ['left'], ['left'], ['left'], ['left'], ['ISOLATION'], [], ['I'], ['I', 'erase', 'pointless'], ['FRAGMENTS'], ['Then', 'maybe'], ['Then', 'maybe', 'leave'], ['DISHEARTENED'], ['Challenging', 'god'], ['made'], ['ILLEGAL', 'ARGUMENTS'], [], ['EXECUTION'], ['EXECUTION'], ['EXECUTION'], ['EXECUTION'], ['EXECUTION'], ['EXECUTION'], ['EXECUTION'], ['EXECUTION'], ['EXECUTION'], ['EXECUTION'], ['EXECUTION'], ['EXECUTION'], [], ['DOS'], [], ['NE'], [], [], ['EXECUTION'], [], ['I'], ['I', 'give'], ['EXECUTION'], ['Then', 'I'], ['Then', 'I'], ['EXECUTION'], ['I', 'back'], ['I', 'run'], ['EXECUTION'], ['Though', 'trapped'], ['trapped'], [], ['I', 'studied'], ['I', 'studied', 'properly'], [], ['Question'], ['Question', 'I', 'answer'], [], ['I', 'know'], ['algebraic', 'expression'], [], ['Though', 'free'], ['I', 'trapped', 'trapped'], []]"
28,Utopiosphere -Platonism-,"[['Sink', 'world'], [], ['Black', 'lace', 'hurries', 'away'], ['Tiny', 'legs', 'leaves', 'behind', 'track', 'cardioid'], ['Twisted', 'creation'], ['Phosphorescent', 'apparition'], ['Heart', 'disorientation'], ['Bemusement'], [], ['Merry', 'go', 'around'], ['Misery', 'go', 'around'], ['Quandary', 'go', 'around'], ['Merry', 'go', 'around'], [], ['time', 'stop'], ['Prepare', 'doubts', 'eat'], ['Quaff', 'pus', 'thoughts'], ['Red', 'sand', 'flows', 'sweet', 'mouth'], [], ['sky', 'painted'], ['Florets', 'slashed', 'open', 'vein', 'tears'], [], ['There', 'escape', 'dear'], [], [], ['world', 'undergoes'], ['Transform', 'endless', 'anger'], ['Connect', 'nerves'], ['system']]"
29,Painful Death for the Lactose Intolerant,"[['Take', 'sip', 'heavenly', 'milk'], ['Cleanse', 'body', 'cleanse', 'soul'], ['All', 'need', 'Twin', 'Island', 'Milk'], [], ['Perfect', 'life', 'I'], ['People', 'trying', 'get'], ['Painful', 'death', 'lactose', 'intolerant'], ['lament'], [], ['Bad', 'chromosomes', 'sad', 'broken', 'toes'], ['Cure', 'heavenly', 'milk'], ['Sold', 'properties', 'devil'], ['All', 'need', 'Twin', 'Island', 'Milk'], [], ['Lovely', 'life', 'I'], ['People', 'fighting', 'midnight'], ['Painful', 'death', 'lactose', 'intolerant'], ['Begin', 'revolution'], [], ['La', 'la', 'la', 'la', 'la', 'la'], ['La', 'la', 'la', 'la', 'la', 'la'], ['La', 'la', 'la', 'la', 'la'], ['La', 'la', 'la', 'la', 'la', 'la', 'la'], ['La', 'la', 'la', 'la', 'la', 'la'], ['La', 'la', 'la', 'la', 'la'], [], ['Plotting', 'government', 'foes'], ['Build', 'bones', 'heavenly', 'milk'], ['Wan', 'na', 'princess', 'toad'], ['All', 'need', 'Twin', 'Island', 'Milk'], [], ['Endless', 'life', 'I'], ['People', 'stick', 'sides'], ['Painful', 'death', 'lactose', 'intolerant'], ['Struggle', 'last', 'moment']]"
30,YUBIKIRI-GENMAN,"[[], [], [], [], [], [], [], [], [], [], [], [], [], [], [], [], [], [], [], [], [], [], [], [], [], [], [], [], [], [], [], [], [], [], [], [], [], [], []]"
31,Sl0t,"[['Woke', 'back'], ['things', 'I', 'see'], ['Through', 'slots', 'skin'], [], ['Deeper'], ['I', 'sinking', 'slot', 'slot', 'feet'], ['Pulling'], ['Colours'], ['make', 'vision', 'insane'], ['vision', 'insane'], ['I'], ['Red', 'blue', 'green'], ['run', 'veins', 'veins', 'brains'], ['Dyeing', 'deep'], [], ['said', 'blue', 'life', 'said'], ['said', 'red', 'love'], ['said', 'red', 'love'], [], ['It', 'first', 'time', 'meet'], ['But', 'feels', 'like', 'I', 'always'], ['A', 'sense'], ['said', 'white', 'truth'], [], ['Saturate'], ['Vermillion'], ['Cyan'], ['Ebony'], ['Burgundy'], ['Silver', 'machinery'], ['Starring', 'back'], [], ['Why', 'organs', 'trying', 'escape', 'broken', 'cage'], ['Then', 'I', 'learned', 'pounding', 'ca', 'love'], ['ca', 'love'], ['ca'], [], ['Why', 'always', 'separated', 'bulletproof', 'walls'], ['Then', 'I', 'learned', 'emptiness', 'love'], ['love'], ['It', 'must', 'love'], [], ['start', 'sing'], ['So', 'deadly', 'sweet'], [], ['Magical', 'spell'], ['Turn', 'heaven', 'hell'], ['Light', 'climbs', 'battery', 'cell'], ['Witchery', 'evolves', 'trial'], ['Aim', 'dream', 'I', 'shot'], ['Despite', 'I', 'failed'], [], ['I', 'waiting', 'moment', 'come'], ['pink', 'disappears', 'black', 'creeps'], [], ['Always'], [], ['Nothing', 'change'], [], ['I', 'waiting', 'moment', 'come'], ['green', 'disappears', 'purple', 'moves'], [], ['Always'], [], ['I', 'change'], [], ['All', 'life', 'life'], ['Leaking', 'slots', 'face'], ['All', 'love', 'love'], ['Leaking', 'slot', 'wrist'], ['All', 'truth', 'truth'], ['Leaking', 'slot', 'head'], ['All', 'love', 'love'], ['Leaking', 'slot', 'chest']]"
32,Past the Stargazing Season,"[['Oh', 'baby', 'goodbye', 'goodbye'], ['No', 'matter', 'many', 'words', 'define'], [], ['Goodbye', 'goodbye'], ['Oh', 'darling'], ['No', 'matter', 'many', 'times', 'right'], [], ['Empty', 'sky'], ['I', 'alone', 'one', 'nearby'], ['But', 'memories', 'ignite', 'passion', 'keeps', 'us', 'alive'], ['Invite', 'us', 'beautiful', 'star', 'sight'], ['hearts', 'unite'], [], ['It', 'consideration'], ['patience', 'dedication'], ['Devotion', 'action', 'forbearance', 'keep', 'flying', 'high'], ['Compassion', 'reinforcement'], ['Encouragement', 'conviction'], ['star', 'eyes'], ['Acceptance', 'recognition'], ['Assurance', 'absolution'], ['Even', 'existence', 'takes', 'burden', 'mind'], ['Allow', 'fight', 'side'], [], ['I', 'love'], ['Oh', 'baby', 'emotions', 'flow'], ['No', 'matter', 'many', 'failures', 'much', 'sorrow'], [], ['I', 'love'], ['Oh', 'darling', 'I', 'love'], ['No', 'matter', 'many', 'times', 'I', 'follow'], [], ['Pretty', 'sky'], ['I', 'stargazing', 'nearby'], ['memories', 'ignite', 'passion', 'keeps', 'us', 'alive'], ['Invite', 'us', 'beautiful', 'star', 'sight'], ['souls', 'unite'], [], ['walked', 'every', 'season'], ['winter', 'snow', 'summer', 'wind'], ['Memories', 'happened', 'leave', 'little', 'butterflies'], ['eyes', 'went', 'close', 'open'], ['captured', 'every', 'moment'], ['smiles', 'always', 'bright'], ['I', 'glad', 'fortune'], ['Do', 'make', 'illusion'], ['There', 'still', 'many', 'versions', 'night', 'sky', 'liked'], ['I', 'want', 'stay', 'side'], [], ['On', 'cloudy', 'night'], ['Just', 'I'], ['close'], ['Yet', 'far', 'life'], ['way', 'smiled'], ['way', 'cried'], ['Oh', 'baby', 'thing'], ['Forever', 'saying'], ['There', 'nothing', 'I', 'decide']]"
33,Colorful,"[['Pointless', 'colourless'], ['It', 'mess', 'know'], ['hopeless', 'life', 'mine'], ['No', 'friends'], ['I', 'really', 'jealous', 'beautiful', 'colours'], [], ['Heavy', 'shadows', 'scary', 'nightfall', 'erase', 'lines', 'I', 'got'], ['I', 'want', 'scream', 'ca', 'open', 'mouth'], ['A', 'broken', 'piece', 'chalk', 'enough', 'connect', 'dots'], ['I', 'still', 'alive'], ['There', 'must', 'meaning', 'right'], [], ['People', 'world', 'colourful'], ['ugly', 'beautiful'], ['Make', 'colours', 'world'], [], ['Just', 'pick', 'pencil', 'crayons'], ['colourful'], ['I', 'sure', 'world', 'wonderful'], [], ['Showered', 'happiness'], ['blossoming', 'friendship'], ['It', 'bless', 'I', 'know'], ['kindness', 'led', 'way'], ['wariness'], ['I', 'blinded', 'unusual', 'colours', 'mine'], [], ['think', 'I', 'scared', 'nothing'], ['I', 'guess', 'I', 'young', 'know'], ['In', 'future', 'even', 'lines', 'tangled'], ['I', 'still', 'alive'], ['matters', 'right'], [], ['People', 'world', 'incredible'], ['So', 'strong', 'admirable'], ['Each', 'one', 'miracle'], [], ['Just', 'pick', 'pencil', 'crayons'], ['stay', 'colourful'], ['see', 'world', 'wonderful'], [], ['Even', 'though', 'I', 'may', 'able', 'erase', 'mistakes'], ['I', 'paint', 'another', 'page'], ['around', 'always', 'lived', 'way'], ['There', 'much', 'life'], ['right'], [], ['People', 'world', 'colourful'], ['ugly', 'beautiful'], ['Make', 'colours', 'world'], [], ['Just', 'pick', 'pencil', 'crayons'], ['colourful'], ['world', 'wonderful']]"
34,Komm susser Tod,"[['I', 'fool'], ['I', 'thought', 'I', 'live', 'one'], ['But', 'hurt', 'pain'], ['It', 'time', 'respect'], ['ones', 'love', 'mean'], [], ['So', 'sadness', 'heart'], ['Feel', 'best', 'thing', 'I'], ['Is', 'end', 'leave', 'forever'], ['done', 'done', 'feels', 'bad'], ['happy', 'sad'], ['I', 'never', 'love', 'world', 'ending'], [], ['I', 'wish', 'I', 'turn', 'back', 'time'], ['guilt', 'mine'], ['Ca', 'live', 'trust', 'love'], ['I', 'know', 'ca', 'forget', 'past'], ['ca', 'forget', 'love', 'pride'], ['killing', 'inside'], [], ['It', 'returns', 'nothing', 'comes'], ['Tumbling', 'tumbling'], ['Tumbling'], ['It', 'returns', 'nothing', 'I', 'keep'], ['Letting', 'letting'], ['Letting'], [], ['In', 'heart', 'hearts'], ['I', 'know', 'I', 'never', 'love'], ['I', 'lost'], ['matters'], ['Matters', 'world'], [], ['I', 'wish', 'I', 'turn', 'back', 'time'], ['guilt', 'mine'], ['Ca', 'live', 'trust', 'love'], ['I', 'know', 'ca', 'forget', 'past'], ['ca', 'forget', 'love', 'pride'], ['killing', 'inside']]"
35,Rubber Human,"[['I', 'robot', 'throws', 'tears'], ['I', 'eggplant'], [], ['Listening', 'ears', 'lent'], [], ['Stretch'], ['Roll', 'rubbery', 'log'], ['Cut', 'pieces'], ['So', 'footprints', 'found'], [], ['I', 'flower'], ['I', 'flower', 'makes', 'desert', 'garden'], ['I', 'kitten'], ['Purring', 'voice', 'wake', 'inside'], [], ['told', 'I'], ['But', 'left', 'nothing'], ['I', 'still', 'feeling', 'might', 'able', 'undo'], ['redo'], ['Believe', 'true'], ['day', 'night', 'run', 'love'], [], ['Mix'], ['Fold', 'buttery', 'electric', 'sheep'], ['Tear', 'pieces'], ['So', 'real', 'form', 'found'], [], ['I', 'human'], ['I', 'human', 'way', 'better', 'I'], ['I', 'human'], ['A', 'better', 'human'], ['much', 'I', 'wish', 'love']]"
36,world.search(you);,"[['Reach', 'top', 'till', 'bubble', 'pops'], ['Take', 'memory', 'insert', 'past'], ['one', 'sweetest', 'Save', 'last'], [], ['turn', 'table'], ['must', 'good', 'height', 'elbows'], ['A', 'stubby', 'leg', 'makes', 'ugly'], ['perfect', 'table'], ['turn', 'eggplant'], ['purple', 'friend'], ['Scratching', 'marks', 'body'], ['perfect', 'eggplant'], ['I', 'searching'], [], ['cat'], ['A', 'little', 'kitten'], ['must', 'bluepoint'], ['Meowing', 'lot'], ['Hissing', 'lot'], ['But', 'never', 'purr'], ['steak'], ['A', 'fillet', 'covered', 'mushroom', 'sauce'], ['Browned', 'outside'], ['Medium', 'rare', 'inside'], [], ['turn', 'flower'], ['must', 'delicate', 'ever'], ['Even', 'bloom', 'occasionally'], ['perfect', 'flower'], ['turn', 'human'], ['I', 'like', 'hog', 'warmth', 'come', 'hands'], ['Bitter', 'stinky', 'breath', 'hair', 'oily'], ['perfect', 'human'], ['I', 'searching'], [], ['piece'], ['A', 'piece', 'shit'], ['must'], ['called'], ['ever'], [], ['stay'], ['Stay'], ['So', 'I'], ['Oh', 'called'], ['ever'], [], [], ['I', 'searching'], ['Searching', 'everywhere'], ['I', 'see'], ['I', 'searching'], ['Searching', 'everywhere'], ['But', 'somehow', 'stop', 'transforming'], ['I', 'searching', 'searching', 'searching'], ['Searching', 'searching', 'searching'], [], ['I', 'searching', 'searching', 'searching'], ['gone', 'left'], [], ['Each', 'one', 'us', 'bucket', 'love'], ['Some', 'us', 'empty', 'us', 'filled'], ['Cut', 'pieces', 'break', 'us', 'cell'], ['Merge', 'us', 'back', 'evolved'], [], ['turn', 'flower'], ['must', 'delicate', 'ever'], ['Even', 'bloom', 'occasionally'], ['perfect', 'flower'], ['turn', 'human'], ['I', 'like', 'hog', 'warmth', 'come', 'hands'], ['Bitter', 'stinky', 'breath', 'hair', 'oily'], ['perfect', 'human'], ['I', 'searching'], [], ['dog'], ['A', 'little', 'puppy'], ['Going', 'ruff', 'ruff', 'ruff'], ['fruit'], ['A', 'tomato'], ['Full', 'juice']]"
37,DK,"[['Sinking', 'deeper', 'deeper'], ['I', 'drowning', 'crystal', 'eyes'], ['Breathing'], [], ['I', 'standing', 'edge', 'reality'], ['Will', 'miss'], ['I', 'take', 'leap'], [], ['One', 'tow', 'three'], ['Count'], ['All', 'layers', 'covering'], ['Dissolving'], [], ['Pick', 'scabs'], ['Embrace', 'naked', 'self'], ['Oh', 'peel', 'peel', 'peel'], ['Pick', 'scabs'], ['Embrace', 'naked', 'self'], ['Oh', 'peel'], ['Oh', 'peel'], [], ['I', 'rotting', 'inside', 'shell'], ['I', 'left', 'behind'], ['Left', 'decay'], ['I', 'rotting'], ['I', 'rotting', 'I', 'rotting'], ['I', 'rotting', 'I', 'rotting'], ['I', 'rotting', 'I', 'rotting', 'I', 'rotting']]"
38,幾年月,"[[], [], [], [], [], [], [], [], [], [], [], [], [], [], [], [], [], [], [], [], [], [], [], [], [], [], [], []]"
39,Opium,"[['Hold', 'arms'], ['I', 'always'], [], ['I', 'gone', 'far', 'far'], ['absence'], ['But', 'somehow', 'I', 'still', 'wish'], [], [], ['poison'], ['poison'], ['poison'], ['Magical', 'scent'], ['I', 'addicted'], ['I', 'addicted'], ['I', 'addicted'], [], ['I', 'wanted', 'let', 'know', 'I', 'sorry'], ['Neither', 'us', 'wanted', 'end', 'way'], [], ['poppies', 'cry'], ['poppies', 'sing'], ['poppies', 'bleed'], ['As', 'drifted', 'apart'], ['Have', 'poisoned'], ['poisoned'], ['Oh', 'talk'], ['Tell', 'world', 'see'], ['I', 'wanted', 'make', 'smile']]"
40,Excαlibur,"[['best', 'best', 'I', 'kid'], [], ['eyes', 'sparkled', 'like', 'galaxy', 'dyed'], ['pupils', 'held', 'hand'], [], ['dump', 'looking', 'treasures'], ['As', 'softly', 'sing', 'sweetest', 'delightful', 'song'], ['built', 'titanium', 'space', 'shuttle', 'hope'], ['So', 'one', 'day', 'world', 'saved', 'sound'], ['Lu', 'la', 'la', 'la'], ['name', 'Excalibur', 'send', 'sky'], [], ['It', 'crashed', 'rim', 'world', 'fell', 'apart'], [], ['worry'], ['dreams', 'I', 'make', 'come', 'true'], ['Sticks', 'stones', 'break', 'bones'], ['As', 'long'], [], ['dump', 'looking', 'treasures'], ['As', 'softly', 'sing', 'sweetest', 'delightful', 'song'], ['built', 'titanium', 'cyborg'], ['So', 'one', 'day', 'world', 'saved'], ['bones', 'titanium', 'heart', 'made', 'stars'], ['So', 'ride', 'shoulders', 'I', 'Excalibur']]"
41,Boys in Kaleidosphere,"[['Bring', 'garden', 'I', 'never', 'seen'], ['There', 'I', 'heard', 'sirens', 'sing'], ['Fill', 'feeling', 'I', 'never', 'known'], [], ['Staring', 'head'], ['eyes', 'like', 'kaleidoscope'], [], ['After', 'leaves'], ['take', 'seat', 'next', 'quietly'], ['pounding', 'heart'], ['Feels', 'like', 'kaleidoscope'], [], ['Let', 'escape', 'somewhere'], ['happily', 'ever', 'queens', 'kings'], [], ['Come', 'must', 'leave'], ['hurried', 'took', 'hand'], ['opened', 'mouths'], ['Muttering', 'words', 'I', 'understand'], [], ['bit', 'slashed', 'open'], ['Cut', 'legs', 'arms', 'head'], ['confusing', 'sight'], ['Feels', 'like', 'kaleidoscope'], [], ['I', 'held', 'head', 'ran', 'edge'], ['edge', 'world', 'I', 'go'], [], ['I', 'born', 'different', 'body', 'lives', 'easy'], ['get', 'next', 'life', 'I', 'hope', 'human'], [], ['Hydrangeas', 'calling', 'name'], ['Bring', 'garden', 'I', 'never', 'seen'], ['There', 'I', 'saw', 'wings'], ['Filled', 'feeling', 'familiar'], [], ['Cover', 'scales'], ['love', 'like', 'kaleidoscope']]"
42,Camelia,"[['Exactly', 'like', 'mother', 'words'], ['forget', 'spilled', 'wine'], ['But', 'stain', 'gone'], [], ['Though', 'violence', 'familiar'], ['touch', 'fingers', 'bitter', 'sweet'], ['flavors', 'seize'], ['Do', 'ever', 'give', 'please'], ['Camelia'], [], ['I', 'one', 'venture'], ['Settling'], ['I', 'poured'], ['inside'], [], ['eyes', 'see'], ['Some', 'men', 'pigs', 'girls'], ['Why', 'lies', 'stop', 'tonight'], [], ['Remember', 'put', 'silencer'], ['Exactly', 'like', 'mother', 'words'], ['forget', 'spilled', 'wine'], ['But', 'stain', 'gone'], [], ['Though', 'violence', 'familiar'], ['touch', 'fingers', 'bitter', 'sweet'], ['flavors', 'seize'], ['Stay', 'lively', 'free'], [], ['Nobody', 'born', 'fighter'], ['There', 'enough', 'space', 'us'], ['act', 'tough'], ['But', 'focus', 'never', 'budge'], [], ['really', 'similar'], ['Strip', 'core', 'flesh', 'skin'], ['See', 'love', 'thin'], ['Do', 'ever', 'give'], ['Camelia'], [], ['I', 'pulled', 'trigger', 'bang', 'bang'], ['Though', 'unlike', 'movies', 'loud', 'screamed'], ['forget', 'killed', 'swine'], ['But', 'pain', 'gone'], [], ['Echoing', 'corridor'], ['soul', 'naked', 'man', 'looking'], ['Looks', 'like', 'still', 'stand'], ['Let', 'finish', 'bang', 'bang', 'bang'], [], ['Remember', 'put', 'silencer'], ['Exactly', 'like', 'mother', 'words'], ['forget', 'spilled', 'wine'], ['But', 'stain', 'gone'], [], ['Though', 'violence', 'familiar'], ['touch', 'fingers', 'bitter', 'sweet'], ['flavors', 'seize'], ['Stay', 'lively', 'free'], [], ['Nobody', 'born', 'fighter'], ['There', 'enough', 'space', 'us'], ['act', 'tough'], ['No', 'one', 'make', 'budge'], [], ['Nothing', 'particular'], ['Though', 'somehow', 'I', 'obedient', 'till'], ['See', 'blood', 'vile'], ['Do', 'let', 'corrupt'], ['Camelia']]"
43,Summoning 101,"[['Found', 'hiding', 'place'], ['Feather', 'pens', 'scribble', 'commands'], ['Scientific', 'evocation'], [], ['Decomposing', 'wolf', 'fangs'], ['Powdery', 'moonlight', 'half', 'human'], [], ['Bite', 'nail'], ['Paint', 'magic', 'circle'], ['Chanting', 'magic', 'spell'], [], ['Summon'], [], ['Take', 'paws', 'take', 'paws'], ['Show', 'wonders', 'world'], ['autumn', 'leaves', 'summer', 'breeze'], ['shiny', 'hair', 'like'], [], ['Teach', 'oh', 'teach'], ['language', 'sing'], ['viva'], ['amora'], [], ['Crumbling', 'gate'], ['Take', 'back', 'empty', 'space'], ['Reached', 'gentle', 'hands'], ['Doors', 'closed', 'clipped', 'arm', 'right'], [], ['Still', 'never', 'give'], ['Scanning', 'nether', 'whereabouts'], [], [], ['Summon'], [], ['Years', 'gone', 'moments', 'wasted'], ['Day', 'night', 'memories', 'faded'], ['Six', 'hundred', 'seventeen', 'pages'], ['Now', 'became', 'basis', 'creations'], [], ['Hold', 'tight', 'hold', 'tight'], ['Let', 'shield', 'storm'], ['melting', 'flesh', 'burning', 'tears'], ['Make', 'stronger', 'ever'], [], ['torr', 'amora'], ['last', 'words', 'spoke'], ['Oozing', 'tiny', 'skull'], ['Thousand', 'years', 'wisdom'], [], ['Take', 'paw', 'take', 'paw'], ['wonder', 'world'], ['wrinkled', 'face', 'silver', 'hair'], ['crystal', 'eyes', 'stay', 'beautiful', 'pair'], [], ['Teach', 'oh', 'teach'], ['magic', 'preach'], ['I', 'tried', 'speak', 'came'], [], [], ['viva'], ['amora']]"
44,Vitamins,"[['Then', 'sacrifice'], ['Do', 'push', 'values', 'push', 'values'], ['crowd'], [], ['world', 'runs', 'kings'], ['Its', 'slaves', 'leaving', 'choice'], ['hypocrites', 'justify'], ['sense', 'justice'], [], ['I', 'tell'], ['I', 'like'], ['Believing', 'doubt'], [], ['Mix'], ['vitamins'], ['Oh', 'mix'], [], [], ['think', 'eat', 'much'], ['Then', 'sacrifice'], ['Do', 'mix', 'garbage', 'mix', 'garbage'], ['cup'], [], ['So', 'many', 'resources', 'keep', 'alive'], ['Yet', 'I', 'even', 'step', 'outside'], ['So', 'many', 'sacrifices', 'keep', 'alive'], ['Yet', 'I', 'even', 'bother', 'survive'], [], ['Once', 'blend', 'thoughts'], ['slush', 'slush'], ['Once', 'return', 'cells'], ['slush', 'slush'], [], ['think', 'waste', 'much'], ['Then', 'sacrifice'], ['Do', 'push', 'values', 'push', 'values'], ['crowd'], [], ['Mix'], ['vitamins'], ['Oh', 'mix'], [], ['world', 'runs', 'kings'], ['Its', 'slaves', 'leaving', 'choice'], ['hypocrites', 'justify'], ['sense', 'justice'], [], ['I', 'tell'], ['I', 'like'], ['Believing', 'doubt'], [], ['Mix'], ['vitamins'], ['Oh', 'mix'], [], [], ['think', 'live', 'much'], ['Then', 'sacrifice'], ['Do', 'mix', 'garbage', 'mix', 'garbage'], ['cup'], [], ['So', 'many', 'resources', 'keep', 'alive'], ['Yet', 'I', 'even', 'step', 'outside'], ['So', 'many', 'sacrifices', 'keep', 'alive'], ['So', 'many', 'sacrifices', 'keep', 'alive'], ['So', 'many', 'sacrifices', 'keep', 'alive'], ['Yet', 'I', 'even', 'bother', 'survive'], [], ['Once', 'blend', 'thoughts'], ['slush', 'slush'], ['Once', 'return', 'cells'], ['slush', 'slush'], [], ['Once', 'return', 'cells'], ['slush', 'slush']]"
45,Lemonade,"[['Tripped', 'cup'], [], ['Lemonade'], ['It', 'spills'], ['Over'], ['Over', 'matter', 'much', 'I', 'clean'], ['Over'], ['Over'], ['Over', 'lemonade', 'sinks', 'floor'], ['Over'], ['Over'], ['Over', 'matter', 'much', 'I', 'lick'], ['Over'], ['Over'], ['Over'], [], ['said', 'I', 'make', 'best', 'lemonade', 'world'], ['A', 'little', 'bitter', 'little', 'sweet', 'little', 'sour'], ['Now', 'gone', 'much', 'lemonade', 'gets', 'left'], ['Waiting', 'drank'], ['I', 'wish', 'person'], [], ['Lemonade'], ['It', 'spills'], ['Over'], ['Over', 'matter', 'much', 'I', 'want', 'back'], ['Over'], ['Over'], ['Over', 'lemonade', 'stains', 'pillowcase'], ['Over'], ['Over'], ['Over', 'matter', 'much', 'I', 'wipe'], ['Over'], ['Over'], ['Over'], [], ['Over'], [], ['Over'], [], [], [], ['Sparkling', 'leftover', 'lemonade', 'never', 'touch'], ['Tripped', 'cup'], [], ['Lemonade'], ['It', 'spills'], [], ['All'], []]"
46,world.search(you);,"[['Reach', 'top', 'till', 'bubble', 'pops'], ['Take', 'memory', 'insert', 'past'], ['one', 'sweetest', 'Save', 'last'], [], ['turn', 'table'], ['must', 'good', 'height', 'elbows'], ['A', 'stubby', 'leg', 'makes', 'ugly'], ['perfect', 'table'], ['turn', 'eggplant'], ['purple', 'friend'], ['Scratching', 'marks', 'body'], ['perfect', 'eggplant'], ['I', 'searching'], [], ['cat'], ['A', 'little', 'kitten'], ['must', 'bluepoint'], ['Meowing', 'lot'], ['Hissing', 'lot'], ['But', 'never', 'purr'], ['steak'], ['A', 'fillet', 'covered', 'mushroom', 'sauce'], ['Browned', 'outside'], ['Medium', 'rare', 'inside'], [], ['turn', 'flower'], ['must', 'delicate', 'ever'], ['Even', 'bloom', 'occasionally'], ['perfect', 'flower'], ['turn', 'human'], ['I', 'like', 'hog', 'warmth', 'come', 'hands'], ['Bitter', 'stinky', 'breath', 'hair', 'oily'], ['perfect', 'human'], ['I', 'searching'], [], ['piece'], ['A', 'piece', 'shit'], ['must'], ['called'], ['ever'], [], ['stay'], ['Stay'], ['So', 'I'], ['Oh', 'called'], ['ever'], [], [], ['I', 'searching'], ['Searching', 'everywhere'], ['I', 'see'], ['I', 'searching'], ['Searching', 'everywhere'], ['But', 'somehow', 'stop', 'transforming'], ['I', 'searching', 'searching', 'searching'], ['Searching', 'searching', 'searching'], [], ['I', 'searching', 'searching', 'searching'], ['gone', 'left'], [], ['Each', 'one', 'us', 'bucket', 'love'], ['Some', 'us', 'empty', 'us', 'filled'], ['Cut', 'pieces', 'break', 'us', 'cell'], ['Merge', 'us', 'back', 'evolved'], [], ['turn', 'flower'], ['must', 'delicate', 'ever'], ['Even', 'bloom', 'occasionally'], ['perfect', 'flower'], ['turn', 'human'], ['I', 'like', 'hog', 'warmth', 'come', 'hands'], ['Bitter', 'stinky', 'breath', 'hair', 'oily'], ['perfect', 'human'], ['I', 'searching'], [], ['dog'], ['A', 'little', 'puppy'], ['Going', 'ruff', 'ruff', 'ruff'], ['fruit'], ['A', 'tomato'], ['Full', 'juice']]"
47,Mushrooms,"[[], ['ne'], ['hex'], [], [], ['Feathers'], ['Stabbed', 'words'], ['I', 'fly'], [], ['All', 'mushrooms', 'looked', 'looked'], ['All', 'mushrooms', 'surround', 'surround'], ['All', 'mushrooms', 'looked', 'looked'], ['All', 'mushrooms', 'surround', 'surround'], [], ['I', 'walked', 'across', 'witch', 'scalp'], ['Pulled', 'put', 'follicles'], ['I', 'raging', 'bird'], [], ['Pecked', 'layers', 'stems'], ['let', 'see', 'tears'], ['let', 'taste', 'fear'], [], ['Automated', 'decapitation'], ['let', 'see', 'tears'], ['let', 'taste', 'fear'], [], [], [], [], ['I', 'thought', 'triumph'], ['I', 'needed', 'move'], ['I', 'blamed'], ['It', 'easy', 'pretend'], [], ['gently', 'peeled', 'open', 'wings', 'covering', 'humiliated', 'face'], ['I', 'ashamed'], [], ['mushrooms', 'spoke'], ['I', 'sat', 'life', 'feeling', 'sorry'], ['spoke'], ['Trampled', 'used', 'dumped'], ['Got', 'pride', 'push'], ['Finding', 'peace', 'suffering'], ['As', 'I', 'go', 'place', 'hierarchy'], ['I', 'I', 'became'], [], ['I', 'gave', 'crying'], ['I', 'gave', 'waiting'], ['I', 'gave', 'dreaming', 'optimistic', 'dreams'], [], ['Ripped', 'feathers'], ['Cracked', 'beak'], ['Freed', 'screams'], [], ['spores', 'cling', 'skin'], ['Powdery', 'snow', 'cleared', 'sins'], [], ['Through', 'pores'], ['Tiny', 'fibers', 'sprout'], ['Grow', 'stems', 'caps'], [], ['All', 'mushrooms', 'looked', 'looked'], ['All', 'mushrooms', 'surround', 'surround'], [], ['Mushroom'], ['Mushroom', 'mushroom'], ['Mushroom'], [], ['Mushroom'], ['Mushroom', 'mushroom'], ['Mushroom'], [], [], []]"
48,Extension of You,"[['Secondly', 'I', 'learned', 'eat'], ['chew', 'red', 'meat'], ['Clean', 'teeth', 'going', 'sleep'], [], ['Hello', 'good', 'morning'], ['I', 'learned', 'speak', 'describe', 'I', 'see'], ['There'], ['Who', 'knew'], [], ['Teach', 'sing'], ['Teach', 'sing'], ['Teach', 'sing'], [], [], ['Covered', 'skin', 'pieces', 'cotton', 'linen'], ['Conserve', 'vulnerable', 'part'], [], ['ribs', 'opened'], ['Made', 'room', 'beating', 'hearts'], ['Stainless', 'steel', 'appends', 'shoulder'], ['Pierces', 'rubbery', 'skin'], ['Upgrades', 'pair', 'limbs'], [], ['head', 'opened'], ['Made', 'room', 'deeper', 'thoughts'], ['Contracting', 'muscles', 'getting', 'bigger'], ['Under', 'rubbery', 'skin'], ['I', 'became', 'I', 'thought', 'human'], [], ['structure', 'expands'], ['Further'], ['Allow'], ['An', 'extension'], [], ['Then', 'I', 'learned', 'many', 'delicacies'], ['Tomatoes', 'cheese'], ['I', 'learned', 'good', 'evil'], ['Learned', 'boundaries', 'learned', 'mortality'], [], ['service'], ['Out', 'service'], ['Out', 'service'], ['Out', 'service'], [], [], [], ['first', 'time', 'failed'], ['I', 'asked'], ['Is', 'meaning'], [], ['I', 'know', 'bodies', 'rot'], ['But', 'self'], ['thoughts'], [], ['I', 'wanted', 'believe'], ['ghosts', 'real'], ['ghosts', 'real'], [], ['There', 'still', 'many', 'things'], ['I', 'want', 'know'], ['Stories', 'left', 'untold'], [], ['Does', 'feel', 'good', 'love'], ['hand', 'hand'], ['Does', 'feel', 'good', 'hate'], ['shelter', 'shelter'], [], ['Does', 'feel', 'good', 'live'], ['treasure', 'treasure'], ['Does', 'feel', 'good', 'die'], ['live', 'next', 'life', 'live', 'next', 'life'], [], ['ta', 'ta'], [], ['hm', 'hm']]"
49,Mirror Mirror,"[['Hidden', 'behind', 'monitor', 'beyond'], ['Saw', 'worth', 'I', 'never', 'see'], ['Polished', 'body'], ['Let', 'bitterness', 'melt', 'candy'], ['Poured', 'heat'], ['Mold', 'shape', 'I', 'dream'], [], ['Come', 'darling'], ['Why', 'tell', 'mind'], ['Worry', 'darling'], ['Point', 'sun'], ['Solar', 'power', 'makes', 'circuit', 'run'], [], ['Mirror', 'mirror'], ['Just', 'call', 'name'], ['queen'], ['Commanding', 'reflections'], ['Clearer', 'clearer'], ['Convex', 'concave'], ['Zoom'], ['It', 'always', 'mystery'], ['Mirror', 'mirror'], ['Focus', 'light'], ['May', 'rest', 'life', 'forever', 'sunny'], ['Fear', 'fear'], ['No'], ['light', 'side'], ['Loving', 'silently'], [], [], ['optical', 'illusion'], [], ['Magnifying', 'love'], [], ['Take', 'hand', 'dimension'], [], ['In', 'compound', 'eyes'], [], ['Come', 'darling'], ['Why', 'tell', 'mind'], ['Worry', 'darling'], ['Point', 'sun'], ['Solar', 'power', 'turns'], ['Combat', 'mode', 'ON'], [], ['Mirror', 'mirror'], ['I', 'spread', 'skin'], ['Camouflaging'], ['refractions'], ['Fire', 'fire'], ['Point', 'light'], ['Thousands', 'fahrenheit'], ['Burn'], ['Medium', 'rare'], ['Trim', 'fat'], ['Slice', 'flesh'], ['Fancy', 'feast', 'consisting', 'meat', 'meat', 'meat'], ['Mirror', 'mirror'], ['magic', 'words', 'wake'], ['Embracing']]"
50,With a Billion Worldful of &lt;3,"[['I', 'go'], [], ['Hummus', 'tofu', 'burgers'], ['In', 'shape', 'heart'], ['Vanilla', 'rice', 'pudding', 'laced'], ['aphrodisiac', 'liquor'], [], ['sit', 'tall', 'straight', 'making', 'sound'], ['Chanting', 'heavens', 'song'], ['Bring', 'along'], [], ['Though', 'look'], ['Like', 'I'], ['Soaked', 'cold', 'water'], ['Breaking', 'endless', 'wheel'], ['Praying', 'divine', 'powers'], ['So', 'become', 'one'], [], ['Darling', 'I', 'sure', 'next', 'life', 'love'], ['Next', 'life', 'love'], ['Next', 'life', 'love'], [], ['So', 'I', 'guess', 'till'], ['I', 'veggie', 'steaks'], [], ['Lost', 'Zen'], ['lotus', 'flower'], ['No', 'need'], ['I', 'power'], [], ['Ocean', 'fire', 'mountain', 'blades'], ['Does', 'matter'], [], ['I', 'burn', 'worlds'], ['takes', 'realize', 'love'], ['No', 'god', 'make', 'stop'], [], ['Oh', 'I', 'know', 'change', 'thing'], ['I', 'place', 'mind'], ['It', 'filled', 'nothingness'], ['I', 'love'], [], ['I', 'know', 'next', 'life', 'love'], ['Next', 'life', 'love'], ['Next', 'life', 'love'], ['Next', 'life', 'love'], ['Next', 'life', 'love']]"
51,Every Other Ghost,"[['Blow', 'away', 'moments', 'I', 'regret'], [], ['Like', 'wind', 'came', 'passing', 'passing'], ['Stir', 'endless', 'storm'], [], ['Like', 'winter', 'nights', 'passing', 'passing'], ['Under', 'blankets', 'I', 'chase'], [], ['Like', 'wind', 'came', 'passing', 'passing'], ['Ghosts', 'left', 'behind'], [], ['Every', 'meter', 'skin', 'reaching'], ['Like', 'every', 'ghost', 'prove', 'love'], [], ['Every', 'meter', 'skin'], ['Like', 'every', 'ghost', 'refusing', 'dead'], [], [], []]"
52,Fossil,"[[], ['quiver', 'shudder'], ['Wiping', 'tears', 'skin'], [], ['pushed', 'wings'], ['cut', 'deep'], ['flesh'], ['Swallowed', 'whole'], [], ['took', 'heaven'], ['Dropped'], ['Crunched', 'doughnut'], ['Swallowed', 'whole'], [], ['I', 'thought', 'I', 'never', 'forgive'], ['things', 'done'], ['Look'], ['I', 'feel', 'thing'], ['Do', 'feel', 'thing', 'sympathy'], [], ['So', 'come', 'bury'], ['maybe'], ['Time', 'turn', 'fossil']]"
53,Rubber Human,"[['I', 'robot', 'throws', 'tears'], ['I', 'eggplant'], [], ['Listening', 'ears', 'lent'], [], ['Stretch'], ['Roll', 'rubbery', 'log'], ['Cut', 'pieces'], ['So', 'footprints', 'found'], [], ['I', 'flower'], ['I', 'flower', 'makes', 'desert', 'garden'], ['I', 'kitten'], ['Purring', 'voice', 'wake', 'inside'], [], ['told', 'I'], ['But', 'left', 'nothing'], ['I', 'still', 'feeling', 'might', 'able', 'undo'], ['redo'], ['Believe', 'true'], ['day', 'night', 'run', 'love'], [], ['Mix'], ['Fold', 'buttery', 'electric', 'sheep'], ['Tear', 'pieces'], ['So', 'real', 'form', 'found'], [], ['I', 'human'], ['I', 'human', 'way', 'better', 'I'], ['I', 'human'], ['A', 'better', 'human'], ['much', 'I', 'wish', 'love']]"
54,Excαlibur,"[['best', 'best', 'I', 'kid'], [], ['eyes', 'sparkled', 'like', 'galaxy', 'dyed'], ['pupils', 'held', 'hand'], [], ['dump', 'looking', 'treasures'], ['As', 'softly', 'sing', 'sweetest', 'delightful', 'song'], ['built', 'titanium', 'space', 'shuttle', 'hope'], ['So', 'one', 'day', 'world', 'saved', 'sound'], ['Lu', 'la', 'la', 'la'], ['name', 'Excalibur', 'send', 'sky'], [], ['It', 'crashed', 'rim', 'world', 'fell', 'apart'], [], ['worry'], ['dreams', 'I', 'make', 'come', 'true'], ['Sticks', 'stones', 'break', 'bones'], ['As', 'long'], [], ['dump', 'looking', 'treasures'], ['As', 'softly', 'sing', 'sweetest', 'delightful', 'song'], ['built', 'titanium', 'cyborg'], ['So', 'one', 'day', 'world', 'saved'], ['bones', 'titanium', 'heart', 'made', 'stars'], ['So', 'ride', 'shoulders', 'I', 'Excalibur']]"
55,Let the Maggots Sing,"[['furthest', 'I', 'gone'], [], ['Sprout', 'sprout', 'little', 'peas'], ['tall', 'strong', 'fight'], ['Bloom', 'bloom', 'little', 'fires'], ['Light', 'darkening', 'path', 'make', 'last'], [], ['Let', 'maggots', 'sing', 'tiny', 'little', 'song'], ['Tiniest', 'voices', 'sang', 'night', 'long'], ['Let', 'maggots', 'dream', 'matter', 'right', 'wrong'], ['Let', 'us', 'dream', 'dream', 'dream'], [], ['Ta'], ['Silence', 'dances', 'tiny', 'mouths'], [], ['Taking', 'steps', 'strangling'], [], ['Then', 'soup', 'became', 'pair', 'wings'], ['beautiful', 'veins'], ['much', 'I', 'wish'], [], ['Let', 'maggots', 'sing', 'tiny', 'little', 'song'], ['Tiniest', 'voices', 'sang', 'night', 'long'], ['Let', 'maggots', 'dream', 'matter', 'right', 'wrong'], ['Let', 'us', 'dream', 'dream'], [], ['Let', 'maggots', 'sing', 'audience', 'found'], ['Muted', 'voices', 'sang', 'life', 'long'], ['Let', 'maggots', 'dream', 'matter', 'right', 'wrong'], ['Let', 'us', 'dream', 'dream', 'dream'], [], ['Is', 'I', 'belong'], ['furthest', 'I', 'gone']]"
56,Nine Point Eight,"[['Silently', 'chase', 'away', 'worries'], ['Chrysanthemum'], ['Become', 'shield', 'fall', 'asleep'], [], ['I', 'cried'], ['Please', 'leave', 'behind', 'leave', 'behind'], ['So', 'held', 'tight'], ['said', 'I', 'fine', 'I', 'fine', 'I', 'fine'], [], ['Petals', 'dance', 'valediction'], ['synchronize', 'frozen', 'pulsation'], ['Take', 'soul', 'may', 'live', 'peace'], ['Final', 'destination'], ['Touch', 'skin', 'sympathetically', 'brushed'], ['shoulders', 'used', 'embrace'], ['Sparkling', 'ashes', 'drift', 'along', 'flames'], ['softly', 'merge', 'sky'], [], [], ['Aroma', 'drags', 'I'], ['Cream', 'rose', 'stargazer', 'iris'], ['Construct', 'map', 'helps', 'trace', 'steps'], [], ['Zipped', 'mouth'], ['I', 'keep', 'climbing', 'keep', 'climbing'], ['Justify', 'vows'], ['I', 'know', 'right', 'right', 'right'], [], ['Look'], ['I', 'top', 'world', 'top', 'world'], ['darling'], ['Here', 'I', 'come', 'I', 'yell'], ['take', 'leap', 'Hell'], [], ['Swirling', 'wind', 'sings', 'reunion'], ['nine', 'point', 'eight', 'acceleration'], ['Take', 'souls', 'may', 'live', 'peace'], ['brand', 'new', 'commencement'], ['Touch', 'lips', 'compassionately', 'pressed'], ['skull', 'used', 'cherish'], ['Delicate', 'flesh', 'decomposes', 'rotten', 'bones'], ['softly', 'merge', 'sky']]"
